SKU,Model_number,Name,Wholesale_Price,Price
1003066611,RY40230-4X,Not found,$274.84,Not Found
1003981742,RY40930,Not found,$171.88,Not Found
1000240512,MKJKIT,Not found,$13.80,Not Found
1000060230,UR-364BLK,Not found,$43.99,Not Found
1001623927,603255,4.5 in. Dia x 1 1/8 in. Bore Steel V-Groove Drive Pulley for Hustler 603255,$33.14,$48.95
1001556000,715875,Not found,$75.83,Not Found
1002268444,761754,3-1/2 in. (89 mm) Satin Brass Drawer Cup Pull Farm Large,$88.31,$16.85
1003099391,P90899 M 07.5,Women's Echo Waterproof 8'' Work Boots - Steel Toe - BLACK Size 9(W),$86.25,$149.95
1003173838,RY141812G,Not found,$113.32,Not Found
1003586673,585225,35 Qt. Dual Purpose Letter and Legal-Size File Storage Box in Clear (4-Pack),$24.14,$16.67
1003078654,8734301,Satin Nickel Keypad Electronic Door Lever Entry Lock,$71.01,$68.00
1001253091,689534,FastTrack Garage 1-Shelf 48 in. x 16 in. Laminate Shelving Add On in Black,$19.12,$29.46
1000114795,7637,Professional Duty 3/8 in. Air Ratchet Wrench,$34.07,$36.94
1002268438,756899,38in. Bagger for RYOBI Riding Lawn Mower,$269.46,$349.00
